f,x_0,x_1,norm-r_primal,norm-r_dual
41.69693845669907,9.0,6.0,6.513388873249836,7.0
16.042927690089574,3.6617359159869043,4.338264084013096,0.2979411985490347,0.0
16.00000013814044,3.9993930613692834,4.000606938630717,0.003818129192236013,0.0
16.0,3.999999999996507,4.000000000003493,1.221000533413869e-08,0.0
16.0,3.9999999999999996,4.0,4.440892098500626e-16,0.0
