f,x_0,x_1,norm-r_primal,norm-r_dual
41.69693845669907,9.0,6.0,6.513388873249836,7.0
16.042927690089574,3.661735915986899,4.338264084013101,0.29794119854903717,0.0
16.00000013814044,3.999393061369284,4.000606938630717,0.0038181291922369256,0.0
16.000000000000004,3.999999999996507,4.000000000003494,1.2210005648204822e-08,0.0
16.000000000000004,4.0,4.000000000000001,0.0,0.0
