f,norm-r_primal,norm-r_dual
87811.15625,996.5360011438082,5898.939226674573
79336.37811508046,18.205732391496177,9.251845750280714e-10
79180.51058853739,0.21050274975987304,6.966990623261357e-11
79180.41546133166,0.000430699075060252,1.596156723715853e-11
79180.4154604802,6.157294907121909e-09,1.596156723715853e-11
79180.41546048019,2.774758085844075e-14,5.021201556461987e-11
