f,norm-r_primal,norm-r_dual
82695.8125,993.2218772692049,558.6993824947366
80239.70626182987,20.032523192334445,3.086927381168996e-11
80040.76218723482,0.2687296865914974,2.7765668205527158e-11
80040.58712395173,0.0005837942600346358,3.289304244394793e-11
80040.5871224314,7.271222650356833e-09,5.021201556461987e-11
80040.58712243135,7.464398551508358e-14,8.408769158505471e-11
