f,norm-r_primal,norm-r_dual
82695.8125,993.2218772692049,558.6993824947366
80239.70626183068,20.032523192341806,1.1866727749511548e-10
80040.76218723488,0.26872968659197066,2.2054074457595818e-11
80040.58712395173,0.00058379425998981,2.7526304530368282e-11
80040.58712243148,7.271235223620937e-09,2.685705669179406e-11
80040.58712243142,7.360100431483723e-14,7.075377775900678e-11
