f,norm-r_primal,norm-r_dual
87811.15625,996.5360011438082,5898.939226674573
79336.3781150825,18.20573239149959,3.01096322023056e-11
79180.51058853717,0.21050274976020417,3.850074879395238e-11
79180.41546133166,0.000430699075048829,3.118917120351807e-11
79180.41546048023,6.157311312798709e-09,1.2990182637700583e-11
79180.41546048023,1.078908314799791e-13,1.254443461189415e-10
79180.41546048013,8.28913655604431e-14,7.182129419525021e-11
