f,norm-r_primal,norm-r_dual
85921.4921875,995.4521986224028,1811.726800596602
84944.16494885675,21.89829291750366,2.0977609155435487e-11
84749.03036753101,0.23353392557251604,3.097627334850841e-11
84748.89934322124,0.00042000244881941284,1.2732925824820995e-11
84748.89934240849,4.183748577299186e-09,2.0579515874459978e-11
84748.89934240849,3.2766441552384e-14,7.966259887492266e-11
