f,norm-r_primal,norm-r_dual
86154.203125,995.600154094989,3082.539537459333
80659.68123341404,16.754904431513747,7.768596880509948e-11
80532.86617223607,0.1701654712968284,2.7526304530368282e-11
80532.78283135747,0.00024014601861613338,3.140062563330879e-11
80532.78283110555,1.4393663104928874e-09,4.262028419856499e-11
80532.78283110555,4.374673194726864e-14,4.547473508864641e-11
