f,norm-r_primal,norm-r_dual
87811.15625,996.5360011438082,5898.939226674573
79336.37811508254,18.205732391468434,1.626953582672133e-11
79180.51058853726,0.21050274976026748,3.140062563330879e-11
79180.41546133165,0.00043069907506608794,3.2640597864749655e-11
79180.41546048017,6.157301569360683e-09,3.4751743759521194e-11
79180.4154604802,4.803559250984065e-14,4.8160299392743497e-11
