f,norm-r_primal,norm-r_dual
87811.15625,996.5360011438082,5898.939226674573
79336.3781150821,18.2057323915003,3.8242062222031817e-11
79180.51058853716,0.21050274975981684,2.5724394843074972e-12
79180.41546133168,0.00043069907505564593,9.275062463698822e-12
79180.41546048017,6.15731154988202e-09,2.6609520934157978e-11
79180.4154604802,9.813467241978296e-14,6.306412914767757e-11
