f,norm-r_primal,norm-r_dual
84704.984375,995.2230560007539,3863.9816252151095
87150.88013068502,16.67953291934819,9.946579354533766e-10
86986.23315386873,0.2668782863338915,6.379442462912332e-11
86985.99979524087,0.0009824560066004004,2.3506523545293177e-11
86985.99979068356,2.202043097405988e-08,1.4437780797732143e-11
86985.99979068365,8.592408982330537e-14,6.530653289161361e-11
