f,norm-r_primal,norm-r_dual
85921.4921875,995.4521986224028,1811.726800596602
84944.16494885553,21.89829291748701,2.812089375536799e-11
84749.03036753087,0.23353392557165964,5.365247926875827e-11
84748.89934322136,0.0004200024487988697,2.2054074457595818e-11
84748.89934240852,4.1837350831632825e-09,2.1134747000582593e-11
84748.89934240856,2.898511452556946e-14,1.16855027927879e-10
84748.89934240861,4.491232942801038e-14,3.993499994994663e-11
