f,norm-r_primal,norm-r_dual
85921.4921875,995.4521986224028,1811.726800596602
84944.16494885556,21.898292917502587,4.466720986896207e-11
84749.03036753091,0.23353392557149436,1.9164242535867267e-11
84748.89934322124,0.0004200024488151853,3.7455284258565374e-11
84748.89934240849,4.183745321899542e-09,4.455595886216866e-12
84748.89934240852,7.226520042567583e-14,8.167242165889056e-11
