f,norm-r_primal,norm-r_dual
84704.984375,995.2230560007539,3863.9816252151095
87150.88013068703,16.679532919325577,3.319344176069473e-11
86986.23315386841,0.2668782863334649,2.2791871899501835e-11
86985.99979524084,0.000982456006587897,9.795557720525728e-12
86985.9997906838,2.2020432695692383e-08,4.296821065879236e-11
86985.99979068381,2.787522182230478e-14,6.42852575659064e-11
