f,norm-r_primal,norm-r_dual
86154.203125,995.600154094989,3082.539537459333
80659.68123341375,16.754904431522807,2.913280617626645e-10
80532.86617223648,0.17016547129707082,1.1768734926315528e-10
80532.78283135743,0.00024014601866881248,4.022393911781543e-11
80532.78283110555,1.4393248294949617e-09,3.5036210254944715e-11
80532.78283110549,7.767372916971541e-14,4.576484798384308e-11
