f,norm-r_primal,norm-r_dual
86154.203125,995.600154094989,3082.539537459333
80659.68123341462,16.75490443152491,1.8189894035458565e-12
80532.86617223604,0.17016547129711893,3.9308693494557355e-11
80532.7828313574,0.0002401460186755126,7.821654435247183e-11
80532.78283110561,1.4393345856216832e-09,5.81792322617529e-11
80532.78283110553,5.896862615165983e-14,4.78501403921324e-11
