f,norm-r_primal,norm-r_dual
84704.984375,995.2230560007539,3863.9816252151095
87150.88013068755,16.679532919345032,2.8413522799043327e-11
86986.23315386858,0.26687828633363664,1.8903492392224987e-11
86985.99979524084,0.0009824560065869253,6.8060351382408795e-12
86985.99979068371,2.2020445500449837e-08,4.9548683716698126e-11
86985.99979068383,2.9922518734656153e-14,7.654898731744038e-11
