f,norm-r_primal,norm-r_dual
85921.4921875,995.4521986224028,1811.726800596602
84944.16494885553,21.89829291748633,4.812593599244048e-12
84749.03036753093,0.23353392557165825,1.33667876586506e-11
84748.89934322132,0.00042000244879249323,2.2054074457595818e-11
84748.89934240846,4.183737972824434e-09,3.097627334850841e-11
84748.8993424086,1.4541734912091626e-13,8.676026495022103e-11
