f,norm-r_primal,norm-r_dual
82695.8125,993.2218772692049,558.6993824947366
80239.7062618299,20.03252319233542,2.1827872842550278e-11
80040.76218723491,0.2687296865917765,2.159930243040056e-11
80040.58712395173,0.0005837942600087112,1.3612070276481759e-11
80040.58712243137,7.271210024309695e-09,1.2602328261483324e-11
80040.58712243133,1.89079814429294e-13,6.844816279127109e-11
