f,norm-r_primal,norm-r_dual
86154.203125,995.600154094989,3082.539537459333
80659.68123341462,16.7549044315244,1.828061726177273e-11
80532.86617223613,0.17016547129701926,4.9414948833895775e-11
80532.78283135747,0.00024014601869716085,3.2640597864749655e-11
80532.78283110561,1.4393381344250309e-09,4.075510606054755e-11
80532.78283110552,8.636821591169918e-14,7.868049125638997e-11
