f,norm-r_primal,norm-r_dual
86154.203125,995.600154094989,3082.539537459333
80659.68123341468,16.754904431526672,1.72564486647482e-11
80532.86617223598,0.17016547129720294,3.8242062222031817e-11
80532.78283135738,0.0002401460186945636,4.572868452660818e-11
80532.78283110555,1.4393340175684976e-09,1.3116919128020487e-11
80532.78283110558,1.1771296360302493e-13,1.0218770989150026e-10
80532.7828311054,4.853389190029933e-14,3.339220666145742e-11
