f,norm-r_primal,norm-r_dual
87811.15625,996.5360011438082,5898.939226674573
79336.3781150825,18.205732391499435,1.744713344419404e-11
79180.51058853716,0.21050274976020533,3.5876078842768076e-11
79180.41546133165,0.00043069907504160974,9.094947017729282e-12
79180.41546048019,6.1572993067557425e-09,1.754169854574312e-11
79180.4154604802,3.894842128687639e-14,3.086927381168996e-11
