f,norm-r_primal,norm-r_dual
85921.4921875,995.4521986224028,1811.726800596602
84944.16494885704,21.898292917499536,3.5116861255222623e-10
84749.03036753097,0.23353392557192484,8.265900954940126e-11
84748.89934322127,0.00042000244879160603,1.4999770885397668e-11
84748.89934240855,4.1837582035338515e-09,1.543463690584498e-11
84748.89934240849,1.1310246875760019e-13,8.055063454043022e-11
