f,norm-r_primal,norm-r_dual
82695.8125,993.2218772692049,558.6993824947366
80239.70626182987,20.0325231923339,4.1479340328774485e-11
80040.76218723481,0.2687296865910844,4.15590317381279e-11
80040.58712395173,0.0005837942600418677,2.24996563280965e-11
80040.58712243133,7.27121888123604e-09,4.103827149330201e-11
80040.58712243136,4.270651487619868e-14,8.77084927287156e-11
