f,norm-r_primal,norm-r_dual
82695.8125,993.2218772692049,558.6993824947366
80239.70626183008,20.032523192338015,6.323702992176622e-10
80040.76218723488,0.26872968659155755,7.570143514998495e-11
80040.58712395177,0.0005837942600375006,5.4569682106375694e-12
80040.58712243143,7.2712226601701534e-09,2.1134747000582593e-11
80040.58712243135,9.274556221474919e-14,5.4751278888188284e-11
