f,norm-r_primal,norm-r_dual
84704.984375,995.2230560007539,3863.9816252151095
87150.88013068755,16.67953291934532,1.2470363072499902e-11
86986.23315386854,0.2668782863337879,3.875770881252268e-11
86985.99979524096,0.0009824560065779318,5.287599143684432e-11
86985.99979068365,2.2020447781975157e-08,2.1978932588525954e-11
86985.99979068362,8.520034066741605e-14,9.420187689992637e-11
