f,norm-r_primal,norm-r_dual
84704.984375,995.2230560007539,3863.9816252151095
87150.88013068755,16.67953291934815,1.2990182637700583e-11
86986.23315386852,0.2668782863337026,1.925037439697619e-11
86985.99979524089,0.0009824560065907245,3.858659226461246e-11
86985.9997906837,2.2020444852516e-08,3.027401722118746e-11
86985.9997906837,6.361490740214742e-14,7.332580706405269e-11
